{
  "baseline": {
    "E_base": 1804.9752250000001,
    "lnS_required": 2.144e-06
  },
  "fit": {
    "E_star": 916.4623597656883,
    "p": 2.0,
    "lam_max": 2.696728115082968e-06,
    "rss": 5.726052960337509e-16
  },
  "data_source": "file",
  "data": {
    "E": [
      451.243806,
      721.99009,
      902.487613,
      1082.985135,
      1353.731419,
      1624.477703,
      1804.975225,
      1985.472748
    ],
    "lnS_meas": [
      5.36e-07,
      1.045853659e-06,
      1.34e-06,
      1.581639344e-06,
      1.855384615e-06,
      2.047924528e-06,
      2.144e-06,
      2.22109589e-06
    ]
  },
  "grid_preview": {
    "E": [
      0.0,
      34.38048047619048,
      68.76096095238096,
      103.14144142857143,
      137.5219219047619,
      171.9024023809524,
      206.28288285714285,
      240.66336333333334,
      275.0438438095238,
      309.4243242857143,
      343.8048047619048,
      378.1852852380953,
      412.5657657142857,
      446.9462461904762,
      481.3267266666667,
      515.7072071428572,
      550.0876876190476,
      584.4681680952381,
      618.8486485714286,
      653.229129047619,
      687.6096095238096,
      721.99009,
      756.3705704761906,
      790.751050952381,
      825.1315314285714,
      859.512011904762,
      893.8924923809524,
      928.2729728571429,
      962.6534533333333,
      997.0339338095239,
      1031.4144142857144,
      1065.7948947619047,
      1100.1753752380953,
      1134.5558557142858,
      1168.9363361904761,
      1203.3168166666667,
      1237.6972971428572,
      1272.0777776190478,
      1306.458258095238,
      1340.8387385714286,
      1375.2192190476192,
      1409.5996995238095,
      1443.98018,
      1478.3606604761906,
      1512.741140952381,
      1547.1216214285714,
      1581.502101904762,
      1615.8825823809525,
      1650.2630628571428,
      1684.6435433333334,
      1719.024023809524,
      1753.4045042857144,
      1787.7849847619048,
      1822.1654652380953,
      1856.5459457142858,
      1890.9264261904764,
      1925.3069066666667,
      1959.6873871428572,
      1994.0678676190478,
      2028.448348095238,
      2062.828828571429,
      2097.209309047619,
      2131.5897895238095,
      2165.9702700000003
    ],
    "lnS_fit": [
      3.2107603977407307e-72,
      3.789841237675208e-09,
      1.5095720731669632e-08,
      3.3729359261000625e-08,
      5.9385598398192105e-08,
      9.165467014852519e-08,
      1.3003807855974865e-07,
      1.7396698212505414e-07,
      2.2282187681171555e-07,
      2.759524088293983e-07,
      3.326962759632745e-07,
      3.92396377906619e-07,
      4.544156165239231e-07,
      5.181489946766265e-07,
      5.83032891128169e-07,
      6.485515811173677e-07,
      7.142412179435359e-07,
      7.796915883408049e-07,
      8.445460072002433e-07,
      9.08499732561347e-07,
      9.712972686021063e-07,
      1.0327288915752236e-06,
      1.0926266893124957e-06,
      1.1508603556207917e-06,
      1.207332931538937e-06,
      1.2619766393575724e-06,
      1.314748914518275e-06,
      1.3656287059394831e-06,
      1.4146130871332691e-06,
      1.4617141983381514e-06,
      1.5069565231595635e-06,
      1.5503744911006992e-06,
      1.5920103890708552e-06,
      1.6319125597042343e-06,
      1.6701338614178191e-06,
      1.7067303639889478e-06,
      1.7417602535504405e-06,
      1.7752829218891014e-06,
      1.807358216484139e-06,
      1.8380458296014818e-06,
      1.8674048067953453e-06,
      1.8954931572361657e-06,
      1.9223675502992807e-06,
      1.948083084756215e-06,
      1.9726931186770627e-06,
      1.9962491497612433e-06,
      2.0188007372595026e-06,
      2.0403954579347347e-06,
      2.0610788896406263e-06,
      2.08089461708586e-06,
      2.099884255209952e-06,
      2.1180874863376348e-06,
      2.1355421079148664e-06,
      2.152284088173299e-06,
      2.1683476275328952e-06,
      2.1837652239448076e-06,
      2.1985677407081453e-06,
      2.212784475573329e-06,
      2.2264432301787835e-06,
      2.2395703790634283e-06,
      2.2521909376603777e-06,
      2.2643286288125068e-06,
      2.2760059474623135e-06,
      2.2872442232604536e-06
    ]
  }
}